structure,n,operation,position,avg_time_ns,total_moves,num_ops
Array,100,insert,front,1497800.0,601000,1000
Array,100,remove,front,65720.0,4950,100
Array,100,insert,middle,965880.0,551000,1000
Array,100,remove,middle,4700.0,1225,100
List,100,insert,front,55480.0,0,1000
List,100,remove,front,5200.0,0,100
List,100,insert,middle,137860.0,49000,1000
List,100,remove,middle,8780.0,3626,100
Array,1000,insert,front,134280.0,1500500,1000
Array,1000,remove,front,849400.0,499500,1000
Array,1000,insert,middle,107280.0,1000500,1000
Array,1000,remove,middle,128120.0,124750,1000
List,1000,insert,front,52500.0,0,1000
List,1000,remove,front,49780.0,0,1000
List,1000,insert,middle,605220.0,499000,1000
List,1000,remove,middle,481960.0,373751,1000
Array,10000,insert,front,554940.0,10509500,1000
Array,10000,remove,front,274640.0,9499500,1000
Array,10000,insert,middle,296080.0,5509500,1000
Array,10000,remove,middle,121420.0,4499500,1000
List,10000,insert,front,11180.0,0,1000
List,10000,remove,front,4860.0,0,1000
List,10000,insert,middle,7739440.0,4999000,1000
List,10000,remove,middle,9690180.0,4999000,1000
Array,100000,insert,front,5705440.0,100599500,1000
Array,100000,remove,front,5369600.0,99499500,1000
Array,100000,insert,middle,2877780.0,50599500,1000
Array,100000,remove,middle,2696760.0,49499500,1000
List,100000,insert,front,8980.0,0,1000
List,100000,remove,front,5180.0,0,1000
List,100000,insert,middle,83678160.0,49999000,1000
List,100000,remove,middle,87405240.0,49999000,1000
